<?xml version="1.0"?>
<Reports>
  <!--Report *** ReceiptReport ***-->
  <Report>
    <Name>ReceiptReport</Name>
    <ReportInfo>
      <Author>ComponentOne</Author>
      <Title>AdventureWorks Invoice</Title>
    </ReportInfo>
    <Layout>
      <Width>11250</Width>
      <Orientation>1</Orientation>
    </Layout>
    <Font>
      <Name>Microsoft Sans Serif</Name>
      <Size>9</Size>
    </Font>
    <OnOpen>' -- style script start
_styleCtr = 0
' -- style script end
</OnOpen>
    <Groups />
    <Sections>
      <Section>
        <Name>Detail</Name>
        <Type>0</Type>
        <Height>6270</Height>
        <OnPrint>' -- style script start
detail.BackColor = iif(_styleCtr mod 2 = 0, rgb(255,255,255),rgb(240,240,240))
_styleCtr = _styleCtr + 1
' -- style script end
</OnPrint>
      </Section>
      <Section>
        <Name>Header</Name>
        <Type>1</Type>
        <Height>800</Height>
        <Visible>0</Visible>
      </Section>
      <Section>
        <Name>Footer</Name>
        <Type>2</Type>
        <Visible>0</Visible>
      </Section>
      <Section>
        <Name>PageHeader</Name>
        <Type>3</Type>
        <Height>480</Height>
        <BackColor>Transparent</BackColor>
      </Section>
      <Section>
        <Name>PageFooter</Name>
        <Type>4</Type>
        <Height>500</Height>
      </Section>
    </Sections>
    <Fields>
      <Field>
        <Name>titleLbl</Name>
        <Section>1</Section>
        <Text>New Report</Text>
        <Left>50</Left>
        <Top>200</Top>
        <Width>9028.7998046875</Width>
        <Height>600</Height>
        <Align>6</Align>
        <Font>
          <Name>Microsoft Sans Serif</Name>
          <Size>20</Size>
        </Font>
      </Field>
      <Field>
        <Name>BillingAddressCtl</Name>
        <Section>0</Section>
        <Text>BillingAddress</Text>
        <Calculated>-1</Calculated>
        <Left>285</Left>
        <Top>4680</Top>
        <Width>2565</Width>
        <Height>285</Height>
        <Align>6</Align>
        <CanGrow>-1</CanGrow>
      </Field>
      <Field>
        <Name>CardNumberCtl</Name>
        <Section>0</Section>
        <Text>CardNumber</Text>
        <Calculated>-1</Calculated>
        <Left>285</Left>
        <Top>3990</Top>
        <Width>1980</Width>
        <Height>285</Height>
        <Align>6</Align>
        <CanGrow>-1</CanGrow>
      </Field>
      <Field>
        <Name>CardTypeCtl</Name>
        <Section>0</Section>
        <Text>CardType</Text>
        <Calculated>-1</Calculated>
        <Left>285</Left>
        <Top>3630</Top>
        <Width>2010</Width>
        <Height>285</Height>
        <Align>6</Align>
        <CanGrow>-1</CanGrow>
      </Field>
      <Field>
        <Name>EmailAddressCtl</Name>
        <Section>0</Section>
        <Text>EmailAddress</Text>
        <Calculated>-1</Calculated>
        <Left>4695</Left>
        <Top>5265</Top>
        <Width>2055</Width>
        <Height>285</Height>
        <Align>6</Align>
        <CanGrow>-1</CanGrow>
      </Field>
      <Field>
        <Name>FullNameCtl</Name>
        <Section>0</Section>
        <Text>FullName</Text>
        <Calculated>-1</Calculated>
        <Left>285</Left>
        <Top>3270</Top>
        <Width>2025</Width>
        <Height>285</Height>
        <Align>6</Align>
        <CanGrow>-1</CanGrow>
      </Field>
      <Field>
        <Name>PhoneCtl</Name>
        <Section>0</Section>
        <Text>Phone</Text>
        <Calculated>-1</Calculated>
        <Left>4695</Left>
        <Top>4965</Top>
        <Width>2025</Width>
        <Height>285</Height>
        <Align>6</Align>
        <CanGrow>-1</CanGrow>
      </Field>
      <Field>
        <Name>ShippingAddressCtl</Name>
        <Section>0</Section>
        <Text>ShippingAddress</Text>
        <Calculated>-1</Calculated>
        <Left>4695</Left>
        <Top>3555</Top>
        <Width>2040</Width>
        <Height>285</Height>
        <Align>6</Align>
        <CanGrow>-1</CanGrow>
      </Field>
      <Field>
        <Name>Field1</Name>
        <Section>0</Section>
        <Text>Bill to:</Text>
        <Left>285</Left>
        <Top>2670</Top>
        <Width>2010</Width>
        <Height>825</Height>
        <Align>6</Align>
        <ForeColor>11119017</ForeColor>
        <Font>
          <Name>Microsoft Sans Serif</Name>
          <Size>15</Size>
        </Font>
      </Field>
      <Field>
        <Name>Field2</Name>
        <Section>0</Section>
        <Text>Ship to:</Text>
        <Left>4695</Left>
        <Top>2670</Top>
        <Width>2010</Width>
        <Height>825</Height>
        <Align>6</Align>
        <ForeColor>11119017</ForeColor>
        <Font>
          <Name>Microsoft Sans Serif</Name>
          <Size>15</Size>
        </Font>
      </Field>
      <Field>
        <Name>FullNameCtl1</Name>
        <Section>0</Section>
        <Text>FullName</Text>
        <Calculated>-1</Calculated>
        <Left>4695</Left>
        <Top>3270</Top>
        <Width>2025</Width>
        <Height>285</Height>
        <Align>6</Align>
        <CanGrow>-1</CanGrow>
      </Field>
      <Field>
        <Name>Field4</Name>
        <Section>0</Section>
        <Text>Subtotal</Text>
        <Left>3885</Left>
        <Top>1095</Top>
        <Width>1620</Width>
        <Height>405</Height>
        <Align>8</Align>
        <Font>
          <Bold>-1</Bold>
          <Name>Microsoft Sans Serif</Name>
          <Size>9</Size>
        </Font>
      </Field>
      <Field>
        <Name>Field5</Name>
        <Section>0</Section>
        <Text>Shipping</Text>
        <Left>3885</Left>
        <Top>1440</Top>
        <Width>1620</Width>
        <Height>405</Height>
        <Align>8</Align>
        <Font>
          <Bold>-1</Bold>
          <Name>Microsoft Sans Serif</Name>
          <Size>9</Size>
        </Font>
      </Field>
      <Field>
        <Name>Field6</Name>
        <Section>0</Section>
        <Text>Freight</Text>
        <Calculated>-1</Calculated>
        <Format>Currency</Format>
        <Left>5700</Left>
        <Top>1440</Top>
        <Width>2130</Width>
        <Height>405</Height>
        <Align>6</Align>
      </Field>
      <Field>
        <Name>Field7</Name>
        <Section>0</Section>
        <Text>Tax</Text>
        <Left>3885</Left>
        <Top>1800</Top>
        <Width>1620</Width>
        <Height>405</Height>
        <Align>8</Align>
        <Font>
          <Bold>-1</Bold>
          <Name>Microsoft Sans Serif</Name>
          <Size>9</Size>
        </Font>
      </Field>
      <Field>
        <Name>Field8</Name>
        <Section>0</Section>
        <Text>$0</Text>
        <Left>5700</Left>
        <Top>1800</Top>
        <Width>2130</Width>
        <Height>405</Height>
        <Align>6</Align>
      </Field>
      <Field>
        <Name>Field9</Name>
        <Section>0</Section>
        <Text>Total Due</Text>
        <Left>3885</Left>
        <Top>2145</Top>
        <Width>1620</Width>
        <Height>405</Height>
        <Align>8</Align>
        <Font>
          <Bold>-1</Bold>
          <Name>Microsoft Sans Serif</Name>
          <Size>9</Size>
        </Font>
      </Field>
      <Field>
        <Name>Field10</Name>
        <Section>0</Section>
        <Text>(SubTotal + Freight)</Text>
        <Calculated>-1</Calculated>
        <Format>Currency</Format>
        <Left>5700</Left>
        <Top>2145</Top>
        <Width>2130</Width>
        <Height>405</Height>
        <Align>6</Align>
      </Field>
      <Field>
        <Name>Field3</Name>
        <Section>0</Section>
        <Text>SubTotal</Text>
        <Calculated>-1</Calculated>
        <Format>Currency</Format>
        <Left>5700</Left>
        <Top>1095</Top>
        <Width>2130</Width>
        <Height>405</Height>
        <Align>6</Align>
      </Field>
      <Field>
        <Name>LineTotalLbl1</Name>
        <Section>3</Section>
        <Text>Total</Text>
        <Left>5985</Left>
        <Width>1995</Width>
        <Height>405</Height>
        <Align>7</Align>
        <BackColor>8421504</BackColor>
        <BackStyle>1</BackStyle>
        <ForeColor>16777215</ForeColor>
        <WordWrap>0</WordWrap>
      </Field>
      <Field>
        <Name>OrderQtyLbl1</Name>
        <Section>3</Section>
        <Text>Quantity</Text>
        <Left>3990</Left>
        <Width>1995</Width>
        <Height>405</Height>
        <Align>7</Align>
        <BackColor>8421504</BackColor>
        <BackStyle>1</BackStyle>
        <ForeColor>16777215</ForeColor>
        <WordWrap>0</WordWrap>
      </Field>
      <Field>
        <Name>UnitPriceLbl1</Name>
        <Section>3</Section>
        <Text>Price</Text>
        <Left>1995</Left>
        <Width>1995</Width>
        <Height>405</Height>
        <Align>7</Align>
        <BackColor>8421504</BackColor>
        <BackStyle>1</BackStyle>
        <ForeColor>16777215</ForeColor>
        <WordWrap>0</WordWrap>
      </Field>
      <Field>
        <Name>NameLbl1</Name>
        <Section>3</Section>
        <Text>Name</Text>
        <Width>1995</Width>
        <Height>405</Height>
        <Align>7</Align>
        <BackColor>8421504</BackColor>
        <BackStyle>1</BackStyle>
        <ForeColor>16777215</ForeColor>
        <WordWrap>0</WordWrap>
      </Field>
      <Field>
        <Name>BillingAddressCtl1</Name>
        <Section>0</Section>
        <Text>BillingAddress2</Text>
        <Calculated>-1</Calculated>
        <Left>285</Left>
        <Top>4965</Top>
        <Width>2565</Width>
        <Height>285</Height>
        <Align>6</Align>
        <CanGrow>-1</CanGrow>
      </Field>
      <Field>
        <Name>Field12</Name>
        <Section>0</Section>
        <Text>BillingCity &amp; "," &amp; BillingStateProvinceCode &amp; "," &amp; BillingPostalCode</Text>
        <Calculated>-1</Calculated>
        <Left>285</Left>
        <Top>5280</Top>
        <Width>2130</Width>
        <Height>855</Height>
      </Field>
      <Field>
        <Name>ShippingAddressCtl1</Name>
        <Section>0</Section>
        <Text>ShippingAddress2</Text>
        <Calculated>-1</Calculated>
        <Left>4695</Left>
        <Top>3840</Top>
        <Width>2040</Width>
        <Height>285</Height>
        <Align>6</Align>
        <CanGrow>-1</CanGrow>
      </Field>
      <Field>
        <Name>Field13</Name>
        <Section>0</Section>
        <Text>ShippingCity &amp; "," &amp; ShippingStateProvinceCode &amp; "," &amp; ShippingPostalCode</Text>
        <Calculated>-1</Calculated>
        <Left>4695</Left>
        <Top>4110</Top>
        <Width>3000</Width>
        <Height>435</Height>
      </Field>
      <Field>
        <Name>Field11</Name>
        <Section>0</Section>
        <Width>7980</Width>
        <Height>855</Height>
        <CanGrow>-1</CanGrow>
        <Subreport>Grid</Subreport>
      </Field>
    </Fields>
  </Report>
  <!--Report *** Grid ***-->
  <Report>
    <Name>Grid</Name>
    <ReportInfo>
      <Author>kunyan</Author>
    </ReportInfo>
    <DataSource>
      <RecordSource>Tables</RecordSource>
    </DataSource>
    <Layout>
      <Width>9078.7998046875</Width>
      <Orientation>1</Orientation>
    </Layout>
    <Font>
      <Name>Microsoft Sans Serif</Name>
      <Size>9</Size>
    </Font>
    <OnOpen>' -- style script start
_styleCtr = 0
' -- style script end
</OnOpen>
    <Groups />
    <Sections>
      <Section>
        <Name>Detail</Name>
        <Type>0</Type>
        <Height>435</Height>
        <CanShrink>-1</CanShrink>
        <Repeat>-1</Repeat>
        <OnPrint>' -- style script start
detail.BackColor = iif(_styleCtr mod 2 = 0, rgb(255,255,255),rgb(240,240,240))
_styleCtr = _styleCtr + 1
' -- style script end
</OnPrint>
      </Section>
      <Section>
        <Name>Header</Name>
        <Type>1</Type>
        <Height>800</Height>
        <Visible>0</Visible>
      </Section>
      <Section>
        <Name>Footer</Name>
        <Type>2</Type>
        <Visible>0</Visible>
      </Section>
      <Section>
        <Name>PageHeader</Name>
        <Type>3</Type>
        <Height>400</Height>
        <BackColor>16768194</BackColor>
      </Section>
      <Section>
        <Name>PageFooter</Name>
        <Type>4</Type>
        <Height>500</Height>
        <Visible>0</Visible>
      </Section>
    </Sections>
    <Fields>
      <Field>
        <Name>titleLbl</Name>
        <Section>1</Section>
        <Text>Grid</Text>
        <Left>50</Left>
        <Top>200</Top>
        <Width>9028.7998046875</Width>
        <Height>600</Height>
        <Align>6</Align>
        <Font>
          <Name>Microsoft Sans Serif</Name>
          <Size>20</Size>
        </Font>
      </Field>
      <Field>
        <Name>ftrLeft</Name>
        <Section>4</Section>
        <Text>Now()</Text>
        <Calculated>-1</Calculated>
        <Left>50</Left>
        <Top>30</Top>
        <Width>4514.39990234375</Width>
        <Height>300</Height>
        <Align>0</Align>
        <Font>
          <Name>Microsoft Sans Serif</Name>
          <Size>8</Size>
        </Font>
      </Field>
      <Field>
        <Name>ftrRight</Name>
        <Section>4</Section>
        <Text>"Page " &amp; [Page] &amp; " of " &amp; [Pages]</Text>
        <Calculated>-1</Calculated>
        <Left>4514.39990234375</Left>
        <Top>30</Top>
        <Width>4514.39990234375</Width>
        <Height>300</Height>
        <Align>2</Align>
        <Font>
          <Name>Microsoft Sans Serif</Name>
          <Size>8</Size>
        </Font>
      </Field>
      <Field>
        <Name>Name</Name>
        <Section>0</Section>
        <Text>Name</Text>
        <Calculated>-1</Calculated>
        <Width>1995</Width>
        <Height>435</Height>
        <Align>7</Align>
        <CanGrow>-1</CanGrow>
      </Field>
      <Field>
        <Name>UnitPrice</Name>
        <Section>0</Section>
        <Text>UnitPrice</Text>
        <Calculated>-1</Calculated>
        <Format>Currency</Format>
        <Left>1995</Left>
        <Width>1995</Width>
        <Height>435</Height>
        <Align>7</Align>
        <CanGrow>-1</CanGrow>
      </Field>
      <Field>
        <Name>OrderQty</Name>
        <Section>0</Section>
        <Text>OrderQty</Text>
        <Calculated>-1</Calculated>
        <Left>3990</Left>
        <Width>1995</Width>
        <Height>435</Height>
        <Align>7</Align>
        <CanGrow>-1</CanGrow>
      </Field>
      <Field>
        <Name>LineTotal</Name>
        <Section>0</Section>
        <Text>LineTotal</Text>
        <Calculated>-1</Calculated>
        <Format>Currency</Format>
        <Left>5985</Left>
        <Width>1995</Width>
        <Height>435</Height>
        <Align>7</Align>
        <CanGrow>-1</CanGrow>
      </Field>
    </Fields>
  </Report>
</Reports>